Path;SteerAngle;Throttle;Brake;Speed;X_Position;Y_Position;Pitch;Yaw;Roll
..\training_data\3\IMG\robocam_2017_05_29_23_41_12_032.jpg;0;1;0;2.705331;114.5218;15.49631;1.349049;94.24719;-0.001255559
..\training_data\3\IMG\robocam_2017_05_29_23_41_12_098.jpg;0;1;0;2.761396;114.5102;15.66183;1.358071;94.23367;-0.001413786
..\training_data\3\IMG\robocam_2017_05_29_23_41_12_165.jpg;0;1;0;2.803851;114.4945;15.88616;1.352135;94.21664;-0.001390427
..\training_data\3\IMG\robocam_2017_05_29_23_41_12_231.jpg;2.994911;1;0;2.845702;114.4815;16.05735;1.353998;94.40875;-0.002274314
..\training_data\3\IMG\robocam_2017_05_29_23_41_12_298.jpg;6.012606;1;0;2.900143;114.4656;16.23064;1.349847;94.94901;0.01075893
..\training_data\3\IMG\robocam_2017_05_29_23_41_12_365.jpg;5.969943;1;0;2.939095;114.439;16.46416;1.304401;96.15991;0.05906738
..\training_data\3\IMG\robocam_2017_05_29_23_41_12_432.jpg;2.960464;1;0;2.981405;114.4175;16.64186;1.259246;96.84262;0.07254412
..\training_data\3\IMG\robocam_2017_05_29_23_41_12_498.jpg;0;1;0;3.037174;114.3957;16.82234;1.232052;97.16711;0.06832401
..\training_data\3\IMG\robocam_2017_05_29_23_41_12_565.jpg;0;1;0;3.07727;114.3661;17.06771;1.250743;97.23645;0.05175044
..\training_data\3\IMG\robocam_2017_05_29_23_41_12_631.jpg;0;1;0;3.117327;114.3435;17.25509;1.298273;97.2222;0.03004378
..\training_data\3\IMG\robocam_2017_05_29_23_41_12_698.jpg;0;1;0;3.170583;114.3205;17.44517;1.364477;97.19571;-0.0008842399
..\training_data\3\IMG\robocam_2017_05_29_23_41_12_764.jpg;0;1;0;3.210245;114.2889;17.70135;1.398201;97.1777;-0.001609055
..\training_data\3\IMG\robocam_2017_05_29_23_41_12_831.jpg;0;1;0;3.252417;114.2652;17.89594;1.396132;97.15982;-0.001623545
..\training_data\3\IMG\robocam_2017_05_29_23_41_12_898.jpg;0;1;0;3.306506;114.2412;18.0929;1.390588;97.14709;-0.001127687
..\training_data\3\IMG\robocam_2017_05_29_23_41_12_964.jpg;0;1;0;3.346955;114.209;18.3594;1.3925;97.1243;-0.001563861
..\training_data\3\IMG\robocam_2017_05_29_23_41_13_031.jpg;0;1;0;3.386846;114.1845;18.56213;1.39826;97.10751;-0.001585516
..\training_data\3\IMG\robocam_2017_05_29_23_41_13_098.jpg;0;1;0;3.43995;114.1599;18.76722;1.402546;97.09161;-0.001491482
..\training_data\3\IMG\robocam_2017_05_29_23_41_13_164.jpg;0;1;0;3.479141;114.1266;19.04432;1.405674;97.07004;-0.001505496
..\training_data\3\IMG\robocam_2017_05_29_23_41_13_231.jpg;0;1;0;3.518615;114.1014;19.25492;1.409527;97.05313;-0.001523627
..\training_data\3\IMG\robocam_2017_05_29_23_41_13_297.jpg;0;1;0;3.571565;114.076;19.46788;1.413735;97.03586;-0.001536633
..\training_data\3\IMG\robocam_2017_05_29_23_41_13_364.jpg;0;1;0;3.610345;114.0418;19.75539;1.414424;97.01334;-0.001549364
..\training_data\3\IMG\robocam_2017_05_29_23_41_13_431.jpg;0;1;0;3.649791;114.0159;19.9738;1.418299;96.99484;-0.001665262
..\training_data\3\IMG\robocam_2017_05_29_23_41_13_497.jpg;0;1;0;3.701053;113.9898;20.19452;1.421176;96.97665;-0.001689351
..\training_data\3\IMG\robocam_2017_05_29_23_41_13_564.jpg;0;1;0;3.739811;113.9546;20.49248;1.428034;96.95187;-0.001600956
..\training_data\3\IMG\robocam_2017_05_29_23_41_13_631.jpg;0;0.8009705;0;3.777395;113.9281;20.71829;1.426618;96.9343;-0.001106173
..\training_data\3\IMG\robocam_2017_05_29_23_41_13_697.jpg;0;0.6007466;0;3.8131;113.9015;20.94552;1.420224;96.91144;-0.001055068
..\training_data\3\IMG\robocam_2017_05_29_23_41_13_764.jpg;0;0.4007702;0;3.828841;113.866;21.24928;1.37614;96.87793;-0.0009682116
..\training_data\3\IMG\robocam_2017_05_29_23_41_13_830.jpg;0;0.2020294;0;3.836247;113.8396;21.47674;1.301882;96.85263;-0.000868125
..\training_data\3\IMG\robocam_2017_05_29_23_41_13_897.jpg;0;0.00147064;0;3.831319;113.8134;21.70311;1.182938;96.82803;-0.0007395256
..\training_data\3\IMG\robocam_2017_05_29_23_41_13_963.jpg;0;0;0;3.81975;113.7787;22.0027;0.9568105;96.79749;-0.000429975
..\training_data\3\IMG\robocam_2017_05_29_23_41_14_030.jpg;0;0;0;3.807561;113.753;22.22588;0.7508348;96.77661;4.259228E-06
..\training_data\3\IMG\robocam_2017_05_29_23_41_14_096.jpg;0;0;0;3.791224;113.7273;22.44798;0.526168;96.75974;0.004467669
..\training_data\3\IMG\robocam_2017_05_29_23_41_14_163.jpg;0;0;0;3.778986;113.693;22.74273;0.2144778;96.74469;0.02078788
..\training_data\3\IMG\robocam_2017_05_29_23_41_14_230.jpg;0;0;0;3.766588;113.6672;22.96292;359.9825;96.73935;0.04145075
..\training_data\3\IMG\robocam_2017_05_29_23_41_14_297.jpg;0;0;0;3.749495;113.642;23.18333;359.8036;96.71927;0.0206171
..\training_data\3\IMG\robocam_2017_05_29_23_41_14_363.jpg;0;0;0;3.736326;113.608;23.4765;359.5968;96.69879;359.9815
..\training_data\3\IMG\robocam_2017_05_29_23_41_14_429.jpg;0;0;0;3.723091;113.5818;23.69604;359.4811;96.70639;359.9916
..\training_data\3\IMG\robocam_2017_05_29_23_41_14_496.jpg;0;0;0;3.70539;113.5556;23.91516;359.3873;96.71808;0.01494494
..\training_data\3\IMG\robocam_2017_05_29_23_41_14_563.jpg;0;0;0;3.692349;113.5215;24.20674;359.2936;96.71735;0.02457426
..\training_data\3\IMG\robocam_2017_05_29_23_41_14_627.jpg;0;0;0;3.678713;113.4961;24.42501;359.2522;96.70932;0.009382053
..\training_data\3\IMG\robocam_2017_05_29_23_41_14_693.jpg;0;0;0;3.661889;113.4705;24.64254;359.2127;96.70697;5.723825E-05
..\training_data\3\IMG\robocam_2017_05_29_23_41_14_759.jpg;0;0;0;3.649368;113.4448;24.85962;359.1932;96.71033;0.00142676
..\training_data\3\IMG\robocam_2017_05_29_23_41_14_829.jpg;0;0;0;3.635485;113.4107;25.14844;359.2016;96.71365;0.005414971
..\training_data\3\IMG\robocam_2017_05_29_23_41_14_895.jpg;0;0;0;3.618929;113.3853;25.36416;359.2058;96.7142;0.006597708
..\training_data\3\IMG\robocam_2017_05_29_23_41_14_962.jpg;0;0;0;3.606582;113.3516;25.65059;359.2087;96.71436;0.007650474
..\training_data\3\IMG\robocam_2017_05_29_23_41_15_029.jpg;0;0;0;3.593544;113.3265;25.86517;359.2483;96.70975;-0.004618055
..\training_data\3\IMG\robocam_2017_05_29_23_41_15_096.jpg;0;0;0;3.576752;113.3014;26.07883;359.2787;96.7085;359.9873
..\training_data\3\IMG\robocam_2017_05_29_23_41_15_162.jpg;0;0;0;3.564593;113.268;26.36241;359.3088;96.70816;359.9788
..\training_data\3\IMG\robocam_2017_05_29_23_41_15_229.jpg;0;0;0;3.55249;113.2431;26.57412;359.3238;96.70816;359.9736
..\training_data\3\IMG\robocam_2017_05_29_23_41_15_295.jpg;0;0;0;3.535579;113.2178;26.78544;359.3633;96.71997;0.001715687
..\training_data\3\IMG\robocam_2017_05_29_23_41_15_362.jpg;0;0;0;3.52355;113.1847;27.06584;359.3989;96.72318;0.02302605
..\training_data\3\IMG\robocam_2017_05_29_23_41_15_429.jpg;0;0;0;3.511621;113.1601;27.27513;359.4147;96.72363;0.03592113
..\training_data\3\IMG\robocam_2017_05_29_23_41_15_495.jpg;0;0.2011861;0;3.498369;113.1357;27.48403;359.438;96.71832;0.03466313
..\training_data\3\IMG\robocam_2017_05_29_23_41_15_562.jpg;0;0.4008673;0;3.497741;113.103;27.7634;359.515;96.71179;0.01916387
..\training_data\3\IMG\robocam_2017_05_29_23_41_15_628.jpg;0;0.6005306;0;3.506068;113.0782;27.97428;359.6086;96.71082;0.01108794
..\training_data\3\IMG\robocam_2017_05_29_23_41_15_695.jpg;0;0.7996577;0;3.531821;113.0532;28.18714;359.7462;96.7106;0.003754009
..\training_data\3\IMG\robocam_2017_05_29_23_41_15_762.jpg;0;0.6006692;0;3.556132;113.0194;28.47411;359.989;96.71051;-0.005032206
..\training_data\3\IMG\robocam_2017_05_29_23_41_15_828.jpg;0;0.3987737;0;3.573554;112.9939;28.6906;0.1828535;96.71045;359.9892
..\training_data\3\IMG\robocam_2017_05_29_23_41_15_895.jpg;0;0.199884;0;3.582194;112.9684;28.90708;0.3583943;96.71039;359.9842
..\training_data\3\IMG\robocam_2017_05_29_23_41_15_961.jpg;0;0;0;3.578424;112.9343;29.19378;0.5074118;96.71954;-0.001516582
..\training_data\3\IMG\robocam_2017_05_29_23_41_16_028.jpg;0;0;0;3.56752;112.9091;29.40692;0.5522219;96.72211;-0.001272352
..\training_data\3\IMG\robocam_2017_05_29_23_41_16_094.jpg;0;0;0;3.552104;112.884;29.61851;0.5476214;96.72427;-0.001343267
..\training_data\3\IMG\robocam_2017_05_29_23_41_16_161.jpg;0;0;0;3.540596;112.8509;29.89847;0.478605;96.72687;-0.001228245
..\training_data\3\IMG\robocam_2017_05_29_23_41_16_228.jpg;0;0;0;3.529105;112.8263;30.107;0.3902367;96.72855;-0.001061325
..\training_data\3\IMG\robocam_2017_05_29_23_41_16_295.jpg;0;0;0;3.51376;112.8017;30.31446;0.2793578;96.73001;-0.0008297794
..\training_data\3\IMG\robocam_2017_05_29_23_41_16_361.jpg;0;0;0;3.502212;112.7692;30.5896;0.1092567;96.73178;-0.0004689631
..\training_data\3\IMG\robocam_2017_05_29_23_41_16_428.jpg;0;0;0;3.490639;112.7449;30.795;359.9734;96.73276;-0.0008352253
..\training_data\3\IMG\robocam_2017_05_29_23_41_16_494.jpg;0;0;0;3.474945;112.7206;31.00012;359.8619;96.73486;0.0008886042
..\training_data\3\IMG\robocam_2017_05_29_23_41_16_562.jpg;0;0;0;3.462954;112.6883;31.27267;359.7236;96.73648;-0.0007571058
..\training_data\3\IMG\robocam_2017_05_29_23_41_16_627.jpg;0;0;0;3.45094;112.6642;31.47658;359.6384;96.73792;-0.0005112171
..\training_data\3\IMG\robocam_2017_05_29_23_41_16_694.jpg;0;0;0;3.434919;112.6401;31.67998;359.5659;96.73947;0.0007692704
..\training_data\3\IMG\robocam_2017_05_29_23_41_16_760.jpg;0;0;0;3.422963;112.6081;31.95033;359.4836;96.7406;0.001310432
..\training_data\3\IMG\robocam_2017_05_29_23_41_16_827.jpg;0;0;0;3.41068;112.5842;32.15257;359.4392;96.74088;0.0009658508
..\training_data\3\IMG\robocam_2017_05_29_23_41_16_893.jpg;0;0;0;3.395189;112.5604;32.35407;359.3932;96.74097;0.0005493741
..\training_data\3\IMG\robocam_2017_05_29_23_41_16_960.jpg;0;0;0;3.382821;112.5365;32.5554;359.3792;96.74121;0.0003947867
..\training_data\3\IMG\robocam_2017_05_29_23_41_17_027.jpg;0;0;0;3.371259;112.505;32.82264;359.3532;96.74106;-0.001472977
..\training_data\3\IMG\robocam_2017_05_29_23_41_17_093.jpg;0;0;0;3.355966;112.4813;33.02244;359.3449;96.7428;0.001419955
..\training_data\3\IMG\robocam_2017_05_29_23_41_17_160.jpg;0;0;0;3.343604;112.4577;33.22179;359.3523;96.74347;0.002651543
..\training_data\3\IMG\robocam_2017_05_29_23_41_17_227.jpg;0;0;0;3.332224;112.4264;33.48642;359.3551;96.74365;0.003605801
..\training_data\3\IMG\robocam_2017_05_29_23_41_17_293.jpg;0;0;0;3.317128;112.403;33.68403;359.3526;96.74368;0.004130954
..\training_data\3\IMG\robocam_2017_05_29_23_41_17_359.jpg;0;0;0;3.305041;112.3798;33.88141;359.3774;96.74133;-0.002242685
..\training_data\3\IMG\robocam_2017_05_29_23_41_17_427.jpg;0;0;0;3.293773;112.3488;34.14328;359.397;96.74057;359.9918
..\training_data\3\IMG\robocam_2017_05_29_23_41_17_493.jpg;0;0;0;3.282596;112.3257;34.33878;359.4043;96.74048;359.9882
..\training_data\3\IMG\robocam_2017_05_29_23_41_17_560.jpg;0;0;0;3.267395;112.3023;34.53376;359.4232;96.7482;0.004635702
..\training_data\3\IMG\robocam_2017_05_29_23_41_17_626.jpg;0;0;0;3.255994;112.2716;34.79269;359.4461;96.75204;0.02440015
..\training_data\3\IMG\robocam_2017_05_29_23_41_17_693.jpg;0;0;0;3.244964;112.2488;34.98595;359.4541;96.75256;0.03582278
..\training_data\3\IMG\robocam_2017_05_29_23_41_17_759.jpg;0;0;0;3.230012;112.2263;35.17875;359.4715;96.74527;0.02687034
..\training_data\3\IMG\robocam_2017_05_29_23_41_17_826.jpg;0;0;0;3.218773;112.1961;35.43465;359.4899;96.7417;0.01558785
..\training_data\3\IMG\robocam_2017_05_29_23_41_17_893.jpg;0;0;0;3.207887;112.1735;35.62564;359.4937;96.74124;0.008809661
..\training_data\3\IMG\robocam_2017_05_29_23_41_17_959.jpg;0;0;0;3.193435;112.151;35.81586;359.49;96.74115;0.002554107
..\training_data\3\IMG\robocam_2017_05_29_23_41_18_027.jpg;0;0.1988794;0;3.18456;112.121;36.06934;359.5175;96.74164;-0.003524292
..\training_data\3\IMG\robocam_2017_05_29_23_41_18_092.jpg;0;0.3990662;0;3.18409;112.0985;36.2599;359.557;96.74173;359.9922
..\training_data\3\IMG\robocam_2017_05_29_23_41_18_159.jpg;0;0.5982804;0;3.198101;112.0758;36.45175;359.6302;96.74179;359.9884
..\training_data\3\IMG\robocam_2017_05_29_23_41_18_226.jpg;0;0.5989475;0;3.219002;112.0452;36.7106;359.796;96.74182;359.9843
..\training_data\3\IMG\robocam_2017_05_29_23_41_18_292.jpg;0;0.4016461;0;3.237276;112.022;36.90635;359.9492;96.74185;359.9819
..\training_data\3\IMG\robocam_2017_05_29_23_41_18_359.jpg;0;0.2001906;0;3.24727;111.9989;37.10241;0.09839755;96.74188;359.9801
..\training_data\3\IMG\robocam_2017_05_29_23_41_18_426.jpg;0;0.001814067;0;3.244462;111.9681;37.36267;0.2517705;96.74188;359.9786
..\training_data\3\IMG\robocam_2017_05_29_23_41_18_493.jpg;0;0;0;3.234747;111.945;37.55621;0.3103028;96.74579;359.9868
..\training_data\3\IMG\robocam_2017_05_29_23_41_18_559.jpg;0;0;0;3.220711;111.9221;37.74839;0.3278292;96.75089;-0.00288135
..\training_data\3\IMG\robocam_2017_05_29_23_41_18_626.jpg;0;0;0;3.210209;111.8919;38.00276;0.2973065;96.75293;-0.0005470978
..\training_data\3\IMG\robocam_2017_05_29_23_41_18_692.jpg;0;0;0;3.196222;111.8695;38.19225;0.2422913;96.75357;-0.0004547085
..\training_data\3\IMG\robocam_2017_05_29_23_41_18_758.jpg;0;0;0;3.185734;111.8471;38.38075;0.1667788;96.75421;-0.0002985435
..\training_data\3\IMG\robocam_2017_05_29_23_41_18_825.jpg;0;0;0;3.175236;111.8175;38.63074;0.04404153;96.75479;-0.000675286
..\training_data\3\IMG\robocam_2017_05_29_23_41_18_892.jpg;0;0;0;3.164726;111.7953;38.81735;359.9437;96.7558;0.0005163375
..\training_data\3\IMG\robocam_2017_05_29_23_41_18_958.jpg;0;0;0;3.150486;111.7733;39.00343;359.8494;96.75586;-0.0006013822
..\training_data\3\IMG\robocam_2017_05_29_23_41_19_025.jpg;0;0;0;3.139557;111.7439;39.2508;359.7398;96.75751;0.0008018335
..\training_data\3\IMG\robocam_2017_05_29_23_41_19_091.jpg;0;0;0;3.128695;111.722;39.43565;359.6611;96.75742;-0.001047385
..\training_data\3\IMG\robocam_2017_05_29_23_41_19_158.jpg;0;0;0;3.1142;111.7001;39.62015;359.6008;96.75851;-0.0001908064
..\training_data\3\IMG\robocam_2017_05_29_23_41_19_224.jpg;0;0;0;3.103425;111.6708;39.86536;359.5334;96.76578;0.01781346
..\training_data\3\IMG\robocam_2017_05_29_23_41_19_292.jpg;0;0;0;3.092633;111.6492;40.04875;359.4941;96.76263;0.01808836
..\training_data\3\IMG\robocam_2017_05_29_23_41_19_358.jpg;0;0;0;3.078061;111.6277;40.23167;359.4661;96.75815;0.009332866
..\training_data\3\IMG\robocam_2017_05_29_23_41_19_425.jpg;0;0;0;3.067593;111.5989;40.47454;359.4258;96.75696;0.002077846
..\training_data\3\IMG\robocam_2017_05_29_23_41_19_491.jpg;0;0;0;3.056791;111.5773;40.65638;359.4219;96.75708;-0.002206907
..\training_data\3\IMG\robocam_2017_05_29_23_41_19_557.jpg;0;0;0;3.042584;111.5559;40.83751;359.4129;96.75699;359.993
..\training_data\3\IMG\robocam_2017_05_29_23_41_19_624.jpg;-1.510772;0;0;3.032232;111.5276;41.07829;359.414;96.68802;359.9929
..\training_data\3\IMG\robocam_2017_05_29_23_41_19_691.jpg;-4.482379;0;0;3.020799;111.5093;41.2585;359.4204;96.28702;359.9356
..\training_data\3\IMG\robocam_2017_05_29_23_41_19_757.jpg;-7.489625;0;0;3.004689;111.4944;41.4385;359.4409;95.52069;359.8263
..\training_data\3\IMG\robocam_2017_05_29_23_41_19_824.jpg;-10.48661;0;0;2.990684;111.4822;41.67798;359.4888;93.86682;359.5578
..\training_data\3\IMG\robocam_2017_05_29_23_41_19_890.jpg;-13.50483;0;0;2.974665;111.4801;41.85703;359.5531;92.17844;359.2667
..\training_data\3\IMG\robocam_2017_05_29_23_41_19_957.jpg;-15;0;0;2.951668;111.483;42.03674;359.7274;90.28317;359.001
..\training_data\3\IMG\robocam_2017_05_29_23_41_20_024.jpg;-15;0;0;2.935998;111.4949;42.27614;0.07058605;87.6552;358.7659
..\training_data\3\IMG\robocam_2017_05_29_23_41_20_091.jpg;-15;0;0;2.916309;111.508;42.44991;0.08452822;85.58853;358.7947
..\training_data\3\IMG\robocam_2017_05_29_23_41_20_157.jpg;-15;0;0;2.898483;111.5285;42.61904;359.9236;83.53162;358.8882
..\training_data\3\IMG\robocam_2017_05_29_23_41_20_224.jpg;-11.99145;0;0;2.885121;111.5669;42.84439;359.8532;81.16283;358.9442
..\training_data\3\IMG\robocam_2017_05_29_23_41_20_290.jpg;-9.021841;0;0;2.873842;111.6006;43.01343;359.8913;79.71825;358.9846
..\training_data\3\IMG\robocam_2017_05_29_23_41_20_356.jpg;-6.022927;0;0;2.859544;111.6371;43.18174;359.9493;78.57552;359.0182
..\training_data\3\IMG\robocam_2017_05_29_23_41_20_424.jpg;-3.030903;0;0;2.850454;111.6876;43.40444;359.9916;77.61134;359.0541
..\training_data\3\IMG\robocam_2017_05_29_23_41_20_490.jpg;-0.02342608;0;0;2.841281;111.7251;43.57056;-0.004013984;77.33778;359.1119
..\training_data\3\IMG\robocam_2017_05_29_23_41_20_556.jpg;-1.518873;0;0;2.828704;111.7623;43.73586;359.9814;77.24926;359.1861
..\training_data\3\IMG\robocam_2017_05_29_23_41_20_623.jpg;-4.492212;0;0;2.818915;111.8153;43.9542;359.9497;76.72504;359.229
..\training_data\3\IMG\robocam_2017_05_29_23_41_20_690.jpg;-7.489585;0;0;2.808214;111.8588;44.11605;359.9228;75.90793;359.1973
..\training_data\3\IMG\robocam_2017_05_29_23_41_20_756.jpg;-10.48396;0;0;2.791976;111.9064;44.2761;359.9071;74.72627;359.1091
..\training_data\3\IMG\robocam_2017_05_29_23_41_20_823.jpg;-13.47452;0;0;2.777597;111.9778;44.48589;359.9155;72.58173;358.8876
..\training_data\3\IMG\robocam_2017_05_29_23_41_20_889.jpg;-15;0;0;2.763841;112.0361;44.64169;0.0006095544;70.6957;358.7655
..\training_data\3\IMG\robocam_2017_05_29_23_41_20_956.jpg;-15;0;0;2.742292;112.0972;44.79377;0.006894849;68.71686;358.7945
..\training_data\3\IMG\robocam_2017_05_29_23_41_21_022.jpg;-15;0;0;2.728094;112.1875;44.99022;359.9569;66.0713;358.9107
..\training_data\3\IMG\robocam_2017_05_29_23_41_21_089.jpg;-15;0;0;2.714406;112.2633;45.13319;359.9489;64.056;358.8778
..\training_data\3\IMG\robocam_2017_05_29_23_41_21_155.jpg;-13.49246;0;0;2.697633;112.3435;45.27397;-0.002040999;62.08025;358.8459
..\training_data\3\IMG\robocam_2017_05_29_23_41_21_222.jpg;-10.50286;0;0;2.686657;112.4538;45.45755;0.004114069;59.82748;358.8732
..\training_data\3\IMG\robocam_2017_05_29_23_41_21_289.jpg;-7.510433;0;0;2.678508;112.539;45.59268;359.9841;58.54699;358.9512
..\training_data\3\IMG\robocam_2017_05_29_23_41_21_355.jpg;-4.516215;0;0;2.667291;112.6262;45.72615;359.9678;57.62848;359.0107
..\training_data\3\IMG\robocam_2017_05_29_23_41_21_422.jpg;-1.528001;0;0;2.658993;112.7424;45.90303;359.924;56.98527;359.1104
..\training_data\3\IMG\robocam_2017_05_29_23_41_21_488.jpg;-4.544599;0;0;2.65009;112.8307;46.03398;359.8843;56.51637;359.1624
..\training_data\3\IMG\robocam_2017_05_29_23_41_21_554.jpg;-7.530331;0;0;2.636699;112.9215;46.16258;359.8509;55.75049;359.1673
..\training_data\3\IMG\robocam_2017_05_29_23_41_21_622.jpg;-10.52162;0;0;2.62497;113.0476;46.32926;359.8246;54.16303;359.0774
..\training_data\3\IMG\robocam_2017_05_29_23_41_21_688.jpg;-13.50832;0;0;2.612206;113.1464;46.45055;359.8503;52.59518;358.9596
..\training_data\3\IMG\robocam_2017_05_29_23_41_21_754.jpg;-15;0;0;2.592702;113.2495;46.56897;359.9652;50.7622;358.8536
..\training_data\3\IMG\robocam_2017_05_29_23_41_21_821.jpg;-15;0;0;2.57583;113.3893;46.72004;0.006183509;48.16395;358.8314
..\training_data\3\IMG\robocam_2017_05_29_23_41_21_888.jpg;-15;0;0;2.566081;113.4976;46.82745;359.9784;46.21976;358.8916
..\training_data\3\IMG\robocam_2017_05_29_23_41_21_954.jpg;-13.50516;0;0;2.548871;113.6106;46.92969;359.9861;44.28035;358.8827
..\training_data\3\IMG\robocam_2017_05_29_23_41_22_021.jpg;-10.52626;0;0;2.53967;113.7641;47.06192;0.002234966;42.09169;358.8815
..\training_data\3\IMG\robocam_2017_05_29_23_41_22_087.jpg;-7.536798;0;0;2.531453;113.8802;47.15852;359.9871;40.83823;358.914
..\training_data\3\IMG\robocam_2017_05_29_23_41_22_154.jpg;-4.541137;0;0;2.521315;113.9973;47.25385;359.9862;39.94764;358.9695
..\training_data\3\IMG\robocam_2017_05_29_23_41_22_220.jpg;-1.535219;0;0;2.513331;114.1529;47.37997;359.9617;39.32937;359.0667
..\training_data\3\IMG\robocam_2017_05_29_23_41_22_287.jpg;-4.522086;0;0;2.504938;114.2702;47.4726;359.9331;38.87195;359.1189
..\training_data\3\IMG\robocam_2017_05_29_23_41_22_354.jpg;-7.52046;0;0;2.49549;114.3892;47.56208;359.9081;38.07306;359.12
..\training_data\3\IMG\robocam_2017_05_29_23_41_22_420.jpg;-4.524414;0;0;2.482783;114.5088;47.64975;359.8827;37.25726;359.1091
..\training_data\3\IMG\robocam_2017_05_29_23_41_22_487.jpg;-1.515994;0;0;2.474742;114.6675;47.76656;359.8472;36.66471;359.1483
..\training_data\3\IMG\robocam_2017_05_29_23_41_22_554.jpg;0;0;0;2.466466;114.7857;47.85436;359.8129;36.55978;359.2173
..\training_data\3\IMG\robocam_2017_05_29_23_41_22_620.jpg;0;0;0;2.455347;114.9034;47.94176;359.772;36.54003;359.2968
..\training_data\3\IMG\robocam_2017_05_29_23_41_22_686.jpg;-1.512388;0;0;2.44697;115.06;48.05739;359.7206;36.46023;359.4093
..\training_data\3\IMG\robocam_2017_05_29_23_41_22_752.jpg;-4.501026;0;0;2.438501;115.1785;48.14172;359.687;36.06884;359.4495
..\training_data\3\IMG\robocam_2017_05_29_23_41_22_819.jpg;-4.489556;0;0;2.42563;115.2982;48.22362;359.6622;35.40042;359.4489
..\training_data\3\IMG\robocam_2017_05_29_23_41_22_886.jpg;-1.443246;0;0;2.417565;115.4571;48.33265;359.6331;34.85226;359.482
..\training_data\3\IMG\robocam_2017_05_29_23_41_22_953.jpg;0;0;0;2.409206;115.5754;48.41478;359.6137;34.75454;359.5417
..\training_data\3\IMG\robocam_2017_05_29_23_41_23_019.jpg;-2.998875;0;0;2.398246;115.6939;48.49558;359.5914;34.57219;359.5779
..\training_data\3\IMG\robocam_2017_05_29_23_41_23_086.jpg;-6.011567;0;0;2.388823;115.8538;48.59948;359.5793;33.81653;359.5569
..\training_data\3\IMG\robocam_2017_05_29_23_41_23_153.jpg;-8.989004;0;0;2.378742;115.9755;48.67358;359.5832;32.84188;359.475
..\training_data\3\IMG\robocam_2017_05_29_23_41_23_219.jpg;-8.992102;0;0;2.362859;116.0987;48.74399;359.601;31.58926;359.3403
..\training_data\3\IMG\robocam_2017_05_29_23_41_23_286.jpg;-6.019072;0;0;2.354756;116.2637;48.83646;359.6639;30.26624;359.2081
..\training_data\3\IMG\robocam_2017_05_29_23_41_23_353.jpg;-3.014155;0;0;2.34656;116.3876;48.90562;359.7465;29.65422;359.1723
..\training_data\3\IMG\robocam_2017_05_29_23_41_23_419.jpg;-5.939692;0;0;2.334805;116.5122;48.97282;359.8369;29.05823;359.1338
..\training_data\3\IMG\robocam_2017_05_29_23_41_23_485.jpg;-9.002859;0;0;2.3246;116.6799;49.05641;359.9439;27.76413;359.0038
..\training_data\3\IMG\robocam_2017_05_29_23_41_23_552.jpg;-5.993401;0;0;2.314789;116.8059;49.11692;0.02067151;26.81637;358.9181
..\training_data\3\IMG\robocam_2017_05_29_23_41_23_618.jpg;-3.018792;0;0;2.30558;116.9301;49.17701;0.01254508;26.16749;358.9261
..\training_data\3\IMG\robocam_2017_05_29_23_41_23_685.jpg;-0.0007114559;0;0;2.298902;117.0944;49.25686;359.9534;25.85612;359.0267
..\training_data\3\IMG\robocam_2017_05_29_23_41_23_752.jpg;0;0;0;2.291085;117.2171;49.31652;359.903;25.82712;359.1241
..\training_data\3\IMG\robocam_2017_05_29_23_41_23_818.jpg;0;0;0;2.280819;117.3394;49.37585;359.85;25.8231;359.2325
..\training_data\3\IMG\robocam_2017_05_29_23_41_23_888.jpg;0;0;0;2.273201;117.5017;49.45456;359.7756;25.82323;359.3878
..\training_data\3\IMG\robocam_2017_05_29_23_41_23_952.jpg;-1.424946;0;0;2.265477;117.6233;49.51277;359.7193;25.75005;359.4951
..\training_data\3\IMG\robocam_2017_05_29_23_41_24_018.jpg;-4.39176;0;0;2.255093;117.7452;49.56914;359.668;25.42583;359.5659
..\training_data\3\IMG\robocam_2017_05_29_23_41_24_085.jpg;-7.392675;0;0;2.246025;117.9091;49.63973;359.616;24.45936;359.5732
..\training_data\3\IMG\robocam_2017_05_29_23_41_24_152.jpg;-4.40831;0;0;2.237054;118.0324;49.69118;359.5898;23.74858;359.5677
..\training_data\3\IMG\robocam_2017_05_29_23_41_24_217.jpg;-1.408588;0;0;2.227205;118.1552;49.74272;359.5705;23.32015;359.5839
..\training_data\3\IMG\robocam_2017_05_29_23_41_24_285.jpg;0;0;0;2.219636;118.3179;49.81262;359.5509;23.21128;359.6592
..\training_data\3\IMG\robocam_2017_05_29_23_41_24_351.jpg;0;0;0;2.211783;118.4396;49.86481;359.5408;23.2029;359.7212
..\training_data\3\IMG\robocam_2017_05_29_23_41_24_418.jpg;0;0;0;2.201742;118.5608;49.91677;359.5303;23.20139;359.7825
..\training_data\3\IMG\robocam_2017_05_29_23_41_24_484.jpg;0;0;0;2.194232;118.7219;49.98574;359.5164;23.20097;359.8619
..\training_data\3\IMG\robocam_2017_05_29_23_41_24_551.jpg;0;0;0.1996902;2.181359;118.8406;50.03658;359.4688;23.20107;359.9185
..\training_data\3\IMG\robocam_2017_05_29_23_41_24_617.jpg;0;0;0.3997897;2.108121;118.9546;50.08559;359.3353;23.20787;359.9899
..\training_data\3\IMG\robocam_2017_05_29_23_41_24_684.jpg;0;0;0.5995428;2.010274;119.0949;50.14467;358.9489;23.18354;0.004724458
..\training_data\3\IMG\robocam_2017_05_29_23_41_24_751.jpg;0;0;0.7989893;1.882936;119.1901;50.18433;358.5369;23.12416;359.9501
..\training_data\3\IMG\robocam_2017_05_29_23_41_24_817.jpg;0;0;0.9988296;1.732863;119.282;50.22469;358.3483;23.12362;0.00857892
..\training_data\3\IMG\robocam_2017_05_29_23_41_24_884.jpg;0;0;1;1.608563;119.3998;50.27489;358.3841;23.10249;0.005711723
..\training_data\3\IMG\robocam_2017_05_29_23_41_24_951.jpg;0;0;1;1.50119;119.4843;50.31088;358.6282;23.08167;0.002157037
..\training_data\3\IMG\robocam_2017_05_29_23_41_25_018.jpg;0;0;1;1.306826;119.5574;50.34224;358.8027;23.0742;0.003636803
..\training_data\3\IMG\robocam_2017_05_29_23_41_25_084.jpg;0;0;1;1.039357;119.6306;50.37378;358.623;23.08009;0.004499353
..\training_data\3\IMG\robocam_2017_05_29_23_41_25_151.jpg;0;0;1;0.890708;119.6751;50.39294;358.482;23.01128;-0.005139013
..\training_data\3\IMG\robocam_2017_05_29_23_41_25_217.jpg;0;0;1;0.7016368;119.7144;50.40916;358.5152;22.55536;-0.001168035
..\training_data\3\IMG\robocam_2017_05_29_23_41_25_284.jpg;0;0;1;0.5091335;119.7502;50.422;358.544;22.11353;0.00620296
..\training_data\3\IMG\robocam_2017_05_29_23_41_25_350.jpg;0;0;1;0.2688501;119.7567;50.42291;358.3524;21.82037;0.01237416
..\training_data\3\IMG\robocam_2017_05_29_23_41_25_417.jpg;0;0;1;0.02093569;119.7569;50.42286;358.3371;21.79831;-0.004551516
..\training_data\3\IMG\robocam_2017_05_29_23_41_25_483.jpg;0;0;1;-0.06797453;119.757;50.42288;358.7164;21.79536;359.9933
..\training_data\3\IMG\robocam_2017_05_29_23_41_25_550.jpg;0;0;1;-0.1274523;119.7569;50.42283;359.1433;21.796;0.009291857
..\training_data\3\IMG\robocam_2017_05_29_23_41_25_616.jpg;0;0;1;-0.122199;119.7568;50.42278;359.5549;21.79613;0.02347642
..\training_data\3\IMG\robocam_2017_05_29_23_41_25_684.jpg;0;0;1;-0.1158663;119.7566;50.4227;0.06876654;21.79597;0.03957604
..\training_data\3\IMG\robocam_2017_05_29_23_41_25_750.jpg;0;0;1;-0.1077942;119.7565;50.42265;0.4206474;21.79565;0.0494291
..\training_data\3\IMG\robocam_2017_05_29_23_41_25_816.jpg;0;0;0;-0.09476181;119.7563;50.42258;0.7293796;21.79493;0.04785163
..\training_data\3\IMG\robocam_2017_05_29_23_41_25_883.jpg;0;0;0;-0.07427181;119.7562;50.42254;1.04831;21.79491;0.006494463
..\training_data\3\IMG\robocam_2017_05_29_23_41_25_950.jpg;2.962889;0;0;-0.06123261;119.7561;50.42253;1.220744;22.23919;359.9772
..\training_data\3\IMG\robocam_2017_05_29_23_41_26_016.jpg;5.96594;0;0;-0.01492101;119.756;50.42282;1.25536;23.13627;0.01231464
..\training_data\3\IMG\robocam_2017_05_29_23_41_26_083.jpg;8.954328;0;0;0.03035858;119.756;50.42273;1.116617;25.1045;0.01329215
..\training_data\3\IMG\robocam_2017_05_29_23_41_26_150.jpg;11.94654;0;0;0.03895221;119.7561;50.42274;0.9851956;27.16499;0.004606149
..\training_data\3\IMG\robocam_2017_05_29_23_41_26_216.jpg;14.95029;0;0;0.04264982;119.7561;50.42275;0.8466679;29.67593;0.0009827741
..\training_data\3\IMG\robocam_2017_05_29_23_41_26_283.jpg;15;0;0;0.04446964;119.7562;50.42277;0.6556652;33.2754;0.01205375
..\training_data\3\IMG\robocam_2017_05_29_23_41_26_349.jpg;15;0;0;0.04527586;119.7563;50.42278;0.5127489;35.97503;0.03412714
..\training_data\3\IMG\robocam_2017_05_29_23_41_26_416.jpg;15;0;0;0.04488984;119.7563;50.4228;0.3739389;38.67474;0.06622209
..\training_data\3\IMG\robocam_2017_05_29_23_41_26_483.jpg;15;0;0;0.04360925;119.7564;50.42284;0.2001968;42.27463;0.1211798
..\training_data\3\IMG\robocam_2017_05_29_23_41_26_550.jpg;15;0;0;0.04154763;119.7565;50.42286;0.08129204;44.97474;0.1687139
..\training_data\3\IMG\robocam_2017_05_29_23_41_26_616.jpg;15;0;0;0.03786235;119.7565;50.42287;359.9742;47.67485;0.2190351
..\training_data\3\IMG\robocam_2017_05_29_23_41_26_684.jpg;15;0;0;0.03451996;119.7566;50.42289;359.8515;51.27514;0.2865861
..\training_data\3\IMG\robocam_2017_05_29_23_41_26_750.jpg;15;0;0;0.03080491;119.7566;50.42291;359.7754;53.97539;0.3348282
..\training_data\3\IMG\robocam_2017_05_29_23_41_26_816.jpg;15;0;0;0.02311097;119.7567;50.42293;359.7186;56.67575;0.3719917
..\training_data\3\IMG\robocam_2017_05_29_23_41_26_883.jpg;15;0;0;0.01767949;119.7567;50.42295;359.6728;60.27621;0.3994526
..\training_data\3\IMG\robocam_2017_05_29_23_41_26_950.jpg;15;0;0;0.01254394;119.7567;50.42296;359.6552;62.97646;0.4062811
..\training_data\3\IMG\robocam_2017_05_29_23_41_27_016.jpg;15;0;0;0;119.7567;50.42297;359.6476;65.67662;0.4035851
..\training_data\3\IMG\robocam_2017_05_29_23_41_27_083.jpg;15;0;0;0;119.7567;50.42299;359.6492;69.27673;0.3866608
..\training_data\3\IMG\robocam_2017_05_29_23_41_27_149.jpg;15;0;0;0.01100183;119.7567;50.423;359.6561;71.97676;0.3662124
..\training_data\3\IMG\robocam_2017_05_29_23_41_27_216.jpg;15;0;0;0.01264991;119.7567;50.423;359.6662;74.67673;0.3400862
..\training_data\3\IMG\robocam_2017_05_29_23_41_27_284.jpg;15;0;0;0.01384447;119.7567;50.42301;359.6834;78.27661;0.2976419
..\training_data\3\IMG\robocam_2017_05_29_23_41_27_350.jpg;15;0;0;0.01486602;119.7566;50.42302;359.6979;80.97649;0.2611954
..\training_data\3\IMG\robocam_2017_05_29_23_41_27_416.jpg;15;0;0;-0.01585559;119.7566;50.42302;359.7132;83.67633;0.221812
..\training_data\3\IMG\robocam_2017_05_29_23_41_27_483.jpg;15;0;0;-0.01628628;119.7566;50.42302;359.7336;87.27609;0.166368
..\training_data\3\IMG\robocam_2017_05_29_23_41_27_550.jpg;15;0;0;-0.01644613;119.7566;50.42302;359.7486;89.9759;0.1238038
..\training_data\3\IMG\robocam_2017_05_29_23_41_27_615.jpg;15;0;0;-0.01625764;119.7566;50.42301;359.7628;92.67569;0.08139811
..\training_data\3\IMG\robocam_2017_05_29_23_41_27_683.jpg;15;0;0;-0.01584333;119.7565;50.423;359.7806;96.27545;0.02653439
..\training_data\3\IMG\robocam_2017_05_29_23_41_27_750.jpg;15;0;0;-0.01522691;119.7565;50.423;359.793;98.97525;359.9876
..\training_data\3\IMG\robocam_2017_05_29_23_41_27_816.jpg;15;0;0;-0.01415092;119.7565;50.42299;359.8046;101.675;359.9513
..\training_data\3\IMG\robocam_2017_05_29_23_41_27_884.jpg;15;0;0;-0.01320391;119.7565;50.42299;359.819;105.2748;359.9077
..\training_data\3\IMG\robocam_2017_05_29_23_41_27_950.jpg;15;0;0;-0.01218333;119.7565;50.42298;359.8292;107.9746;359.8792
..\training_data\3\IMG\robocam_2017_05_29_23_41_28_016.jpg;15;0;0;-0.01078747;119.7565;50.42297;359.8391;110.6745;359.8546
..\training_data\3\IMG\robocam_2017_05_29_23_41_28_083.jpg;15;0;0;0;119.7564;50.42296;359.8524;114.2743;359.8279
..\training_data\3\IMG\robocam_2017_05_29_23_41_28_150.jpg;15;0;0;0;119.7564;50.42295;359.8625;116.9742;359.8126
..\training_data\3\IMG\robocam_2017_05_29_23_41_28_215.jpg;15;0;0;0;119.7564;50.42294;359.873;119.6741;359.8011
..\training_data\3\IMG\robocam_2017_05_29_23_41_28_283.jpg;15;0;0;0;119.7564;50.42293;359.8877;123.274;359.7917
..\training_data\3\IMG\robocam_2017_05_29_23_41_28_349.jpg;15;0;0;0;119.7564;50.42292;359.8995;125.9739;359.7886
..\training_data\3\IMG\robocam_2017_05_29_23_41_28_416.jpg;15;0;0;0;119.7564;50.42291;359.912;128.6739;359.7886
..\training_data\3\IMG\robocam_2017_05_29_23_41_28_482.jpg;15;0;0;0;119.7565;50.4229;359.9297;132.2738;359.7929
..\training_data\3\IMG\robocam_2017_05_29_23_41_28_549.jpg;15;0;0;0;119.7565;50.4229;359.9438;134.9738;359.7988
..\training_data\3\IMG\robocam_2017_05_29_23_41_28_615.jpg;15;0;0;0;119.7565;50.42289;359.9583;137.6739;359.8067
..\training_data\3\IMG\robocam_2017_05_29_23_41_28_683.jpg;15;0;0;0;119.7565;50.42289;359.9784;141.2739;359.8195
..\training_data\3\IMG\robocam_2017_05_29_23_41_28_749.jpg;15;0;0;0;119.7565;50.42289;359.9936;143.9739;359.8305
..\training_data\3\IMG\robocam_2017_05_29_23_41_28_815.jpg;15;0;0;0;119.7565;50.42288;0.008901997;146.6739;359.8422
..\training_data\3\IMG\robocam_2017_05_29_23_41_28_882.jpg;15;0;0;0;119.7565;50.42289;0.02892478;150.2739;359.8587
..\training_data\3\IMG\robocam_2017_05_29_23_41_28_949.jpg;15;0;0;0;119.7565;50.42289;0.04342479;152.9739;359.8713
..\training_data\3\IMG\robocam_2017_05_29_23_41_29_014.jpg;15;0;0;0;119.7565;50.42289;0.05725356;155.6739;359.8839
..\training_data\3\IMG\robocam_2017_05_29_23_41_29_082.jpg;15;0;0;0;119.7565;50.42289;0.07431678;159.274;359.9004
..\training_data\3\IMG\robocam_2017_05_29_23_41_29_148.jpg;15;0;0;0;119.7565;50.4229;0.08585591;161.974;359.9124
..\training_data\3\IMG\robocam_2017_05_29_23_41_29_214.jpg;15;0;0;0;119.7566;50.4229;0.09614939;164.674;359.924
..\training_data\3\IMG\robocam_2017_05_29_23_41_29_281.jpg;15;0;0;0;119.7566;50.4229;0.1077215;168.274;359.9386
..\training_data\3\IMG\robocam_2017_05_29_23_41_29_348.jpg;15;0;0;0;119.7566;50.42291;0.1146689;170.974;359.949
..\training_data\3\IMG\robocam_2017_05_29_23_41_29_414.jpg;15;0;0;0;119.7566;50.42292;0.1200658;173.6741;359.9589
..\training_data\3\IMG\robocam_2017_05_29_23_41_29_481.jpg;15;0;0;0;119.7566;50.42293;0.1248086;177.2741;359.9712
..\training_data\3\IMG\robocam_2017_05_29_23_41_29_547.jpg;15;0;0;0;119.7566;50.42294;0.1265359;179.9741;359.9798
..\training_data\3\IMG\robocam_2017_05_29_23_41_29_614.jpg;15;0;0;0;119.7566;50.42294;0.126737;182.674;359.9879
..\training_data\3\IMG\robocam_2017_05_29_23_41_29_681.jpg;15;0;0;0;119.7566;50.42294;0.1247485;186.274;-0.001948276
..\training_data\3\IMG\robocam_2017_05_29_23_41_29_747.jpg;13.49769;0;0;0;119.7566;50.42295;0.1216669;188.7938;0.005520626
..\training_data\3\IMG\robocam_2017_05_29_23_41_29_814.jpg;10.50232;0;0;0;119.7566;50.42295;0.1171948;190.7754;0.01356629
..\training_data\3\IMG\robocam_2017_05_29_23_41_29_880.jpg;7.487629;0.2009795;0;0;119.7565;50.42293;0.1113655;190.7098;0.02528986
..\training_data\3\IMG\robocam_2017_05_29_23_41_29_946.jpg;4.535497;0.3977883;0;0.02365682;119.7541;50.42243;0.1531126;190.7945;0.0383295
..\training_data\3\IMG\robocam_2017_05_29_23_41_30_013.jpg;1.533273;0.5979366;0;0.04116567;119.75;50.42158;0.2295455;190.9639;0.04631816
..\training_data\3\IMG\robocam_2017_05_29_23_41_30_079.jpg;0;0.7984171;0;0.09411521;119.7431;50.42031;0.3559218;190.9814;0.04789301
..\training_data\3\IMG\robocam_2017_05_29_23_41_30_146.jpg;0;0.9979085;0;0.1199905;119.7291;50.41784;0.5792739;190.9971;0.02396974
..\training_data\3\IMG\robocam_2017_05_29_23_41_30_213.jpg;0;1;0;0.1802506;119.7138;50.41489;0.8103982;190.9722;-0.001905493
..\training_data\3\IMG\robocam_2017_05_29_23_41_30_279.jpg;0;1;0;0.2440751;119.695;50.41103;1.064362;190.8805;0.0002995128
..\training_data\3\IMG\robocam_2017_05_29_23_41_30_346.jpg;0;1;0;0.2961208;119.6669;50.40589;1.328422;191.0659;-0.005119481
..\training_data\3\IMG\robocam_2017_05_29_23_41_30_413.jpg;0;1;0;0.3284106;119.6479;50.40263;1.220408;191.149;-0.0009944451
..\training_data\3\IMG\robocam_2017_05_29_23_41_30_479.jpg;0;1;0;0.436458;119.6246;50.39814;1.123511;191.2535;-0.000137057
..\training_data\3\IMG\robocam_2017_05_29_23_41_30_546.jpg;0;1;0;0.4635869;119.5876;50.39091;1.092066;191.3645;-0.001037844
..\training_data\3\IMG\robocam_2017_05_29_23_41_30_613.jpg;0;1;0;0.5234411;119.5556;50.38458;1.129592;191.4202;-0.0004655571
..\training_data\3\IMG\robocam_2017_05_29_23_41_30_678.jpg;0;1;0;0.5756973;119.5207;50.37763;1.193986;191.4139;0.0002226165
..\training_data\3\IMG\robocam_2017_05_29_23_41_30_746.jpg;0;1;0;0.6242005;119.4705;50.36769;1.236807;191.405;-0.0006230263
..\training_data\3\IMG\robocam_2017_05_29_23_41_30_813.jpg;0;1;0;0.675456;119.4299;50.35964;1.231952;191.3739;-0.0002281704
..\training_data\3\IMG\robocam_2017_05_29_23_41_30_878.jpg;0;1;0;0.744647;119.3862;50.35101;1.215716;191.3345;-0.0005108317
..\training_data\3\IMG\robocam_2017_05_29_23_41_30_945.jpg;0;1;0;0.7999938;119.3232;50.33859;1.193792;191.3173;-6.084458E-06
..\training_data\3\IMG\robocam_2017_05_29_23_41_31_013.jpg;0;1;0;0.8388954;119.2726;50.32873;1.200896;191.1993;-0.0004251659
..\training_data\3\IMG\robocam_2017_05_29_23_41_31_078.jpg;0;1;0;0.9136739;119.2185;50.31818;1.218564;191.1205;0.0001125635
..\training_data\3\IMG\robocam_2017_05_29_23_41_31_145.jpg;0;1;0;0.9656257;119.1417;50.30334;1.233269;191.0989;-0.0007142404
..\training_data\3\IMG\robocam_2017_05_29_23_41_31_212.jpg;0;1;0;1.013958;119.0811;50.29167;1.226367;191.1045;-0.001055292
..\training_data\3\IMG\robocam_2017_05_29_23_41_31_279.jpg;0;1;0;1.072814;119.018;50.27951;1.215952;191.0905;0.0001334322
..\training_data\3\IMG\robocam_2017_05_29_23_41_31_345.jpg;0;1;0;1.125685;118.929;50.26241;1.230457;191.0456;-0.0004173781
..\training_data\3\IMG\robocam_2017_05_29_23_41_31_412.jpg;0;1;0;1.1672;118.8594;50.24907;1.225084;191.0191;-0.0008940519
..\training_data\3\IMG\robocam_2017_05_29_23_41_31_478.jpg;0;1;0;1.231327;118.7867;50.23519;1.228885;190.9738;-0.0007076209
..\training_data\3\IMG\robocam_2017_05_29_23_41_31_545.jpg;0;1;0;1.279874;118.6854;50.21594;1.235359;190.9413;-0.0008768159
..\training_data\3\IMG\robocam_2017_05_29_23_41_31_612.jpg;0;1;0;1.324452;118.6063;50.20094;1.237709;190.9195;-0.0008114343
..\training_data\3\IMG\robocam_2017_05_29_23_41_31_678.jpg;0;1;0;1.390089;118.5243;50.18545;1.240469;190.9001;-0.0008608589
..\training_data\3\IMG\robocam_2017_05_29_23_41_31_745.jpg;0;1;0;1.43592;118.4105;50.164;1.248396;190.8779;-0.0008789552
..\training_data\3\IMG\robocam_2017_05_29_23_41_31_811.jpg;0;1;0;1.483037;118.3221;50.14735;1.250818;190.8658;-0.0009264583
..\training_data\3\IMG\robocam_2017_05_29_23_41_31_878.jpg;0;1;0;1.546252;118.2309;50.13021;1.254056;190.855;-0.0009683577
..\training_data\3\IMG\robocam_2017_05_29_23_41_31_945.jpg;0;1;0;1.591845;118.1049;50.10657;1.26133;190.8398;-0.0009968622
..\training_data\3\IMG\robocam_2017_05_29_23_41_32_011.jpg;0;1;0;1.638216;118.0072;50.08827;1.264901;190.8274;-0.0009904586
..\training_data\3\IMG\robocam_2017_05_29_23_41_32_078.jpg;0;1;0;1.700399;117.9069;50.06949;1.268721;190.818;-0.001026327
..\training_data\3\IMG\robocam_2017_05_29_23_41_32_144.jpg;0;1;0;1.745607;117.7687;50.04367;1.276505;190.8018;-0.001054245
..\training_data\3\IMG\robocam_2017_05_29_23_41_32_211.jpg;0;1;0;1.791283;117.6621;50.02377;1.276766;190.7917;-0.001041436
..\training_data\3\IMG\robocam_2017_05_29_23_41_32_277.jpg;0;1;0;1.85268;117.5527;50.00337;1.282769;190.7813;-0.001080508
..\training_data\3\IMG\robocam_2017_05_29_23_41_32_344.jpg;0;1;0;1.897445;117.4026;49.97544;1.288757;190.7652;-0.001082005
..\training_data\3\IMG\robocam_2017_05_29_23_41_32_411.jpg;0;1;0;1.943178;117.287;49.95394;1.29491;190.7545;-0.001102663
..\training_data\3\IMG\robocam_2017_05_29_23_41_32_477.jpg;0;1;0;2.003393;117.1687;49.93197;1.29656;190.743;-0.001121559
..\training_data\3\IMG\robocam_2017_05_29_23_41_32_544.jpg;0;1;0;2.047408;117.0069;49.90196;1.301691;190.7281;-0.00114574
..\training_data\3\IMG\robocam_2017_05_29_23_41_32_610.jpg;0;1;0;2.092634;116.8825;49.8789;1.304684;190.7174;-0.001154067
..\training_data\3\IMG\robocam_2017_05_29_23_41_32_677.jpg;-1.503132;0.8997912;0;2.151911;116.7554;49.85555;1.306662;190.6783;-0.001133893
..\training_data\3\IMG\robocam_2017_05_29_23_41_32_744.jpg;-4.511725;0.6992183;0;2.188764;116.5825;49.82634;1.297118;190.1928;0.001102558
..\training_data\3\IMG\robocam_2017_05_29_23_41_32_810.jpg;-7.488624;0.5007583;0;2.215111;116.451;49.80712;1.273861;189.4392;359.9861
..\training_data\3\IMG\robocam_2017_05_29_23_41_32_876.jpg;-10.53453;0.297698;0;2.234275;116.3191;49.79144;1.201676;188.3505;359.9276
..\training_data\3\IMG\robocam_2017_05_29_23_41_32_943.jpg;-13.4837;0.1010867;0;2.236669;116.1443;49.77803;0.9960361;186.3649;359.7567
..\training_data\3\IMG\robocam_2017_05_29_23_41_33_010.jpg;-15;0;0;2.229511;116.0149;49.77393;0.7563499;184.5912;359.5559
..\training_data\3\IMG\robocam_2017_05_29_23_41_33_076.jpg;-15;0;0;2.216233;115.8872;49.77408;0.4596649;182.7801;359.3134
..\training_data\3\IMG\robocam_2017_05_29_23_41_33_143.jpg;-15;0;0;2.205942;115.7191;49.78055;0.01480321;180.3934;358.9317
..\training_data\3\IMG\robocam_2017_05_29_23_41_33_210.jpg;-15;0;0;2.195722;115.5918;49.78748;359.8128;178.7177;358.7624
..\training_data\3\IMG\robocam_2017_05_29_23_41_33_276.jpg;-15;0;0;2.180278;115.4627;49.79656;359.7651;177.0924;358.7528
..\training_data\3\IMG\robocam_2017_05_29_23_41_33_343.jpg;-13.50424;0;0;2.169066;115.2886;49.8153;359.931;174.9709;358.9255
..\training_data\3\IMG\robocam_2017_05_29_23_41_33_410.jpg;-10.51293;0;0;2.152885;115.1595;49.83469;0.04844771;173.5356;359.0274
..\training_data\3\IMG\robocam_2017_05_29_23_41_33_476.jpg;-7.52606;0;0;2.145295;115.0322;49.856;0.08968122;172.3553;359.1067
..\training_data\3\IMG\robocam_2017_05_29_23_41_33_543.jpg;-4.521412;0;0;2.139664;114.8638;49.88512;0.09925489;171.3147;359.2149
..\training_data\3\IMG\robocam_2017_05_29_23_41_33_610.jpg;-1.526944;0;0;2.133325;114.7381;49.90642;0.08333012;170.9306;359.3143
..\training_data\3\IMG\robocam_2017_05_29_23_41_33_676.jpg;-4.533266;0;0;2.124065;114.6133;49.9288;0.0507401;170.5491;359.3916
..\training_data\3\IMG\robocam_2017_05_29_23_41_33_743.jpg;-7.53851;0;0;2.116024;114.4491;49.96307;359.9849;169.5649;359.4009
..\training_data\3\IMG\robocam_2017_05_29_23_41_33_809.jpg;-10.53167;0;0;2.107096;114.3273;49.99254;359.9399;168.4583;359.3488
..\training_data\3\IMG\robocam_2017_05_29_23_41_33_876.jpg;-13.59713;0;0;2.092807;114.2073;50.02604;359.8994;167.0469;359.2333
..\training_data\3\IMG\robocam_2017_05_29_23_41_33_942.jpg;-15;0;0;2.079398;114.0501;50.07739;359.8748;164.7466;359.0023
..\training_data\3\IMG\robocam_2017_05_29_23_41_34_009.jpg;-15;0;0;2.068747;113.933;50.11918;359.9202;163.0167;358.8595
..\training_data\3\IMG\robocam_2017_05_29_23_41_34_077.jpg;-15;0;0;2.053712;113.8166;50.16356;0.02927793;161.2991;358.7987
..\training_data\3\IMG\robocam_2017_05_29_23_41_34_143.jpg;-15;0;0;2.044521;113.6673;50.22619;359.9909;159.0077;358.8773
..\training_data\3\IMG\robocam_2017_05_29_23_41_34_209.jpg;-11.98864;0;0;2.035405;113.5571;50.27766;0.00277263;157.4571;358.9403
..\training_data\3\IMG\robocam_2017_05_29_23_41_34_275.jpg;-9.012448;0;0;2.027527;113.4486;50.33096;359.9845;156.1615;358.9793
..\training_data\3\IMG\robocam_2017_05_29_23_41_34_343.jpg;-6.021656;0.1993862;0;2.02447;113.3043;50.40302;359.9654;154.9379;359.0472
..\training_data\3\IMG\robocam_2017_05_29_23_41_34_409.jpg;-3.008445;0.4002669;0;2.029274;113.1953;50.45738;359.9688;154.392;359.1208
..\training_data\3\IMG\robocam_2017_05_29_23_41_34_476.jpg;-0.001891516;0.6007038;0;2.049494;113.0844;50.51178;0.001739057;154.1583;359.2218
..\training_data\3\IMG\robocam_2017_05_29_23_41_34_542.jpg;-1.463914;0.6048001;0;2.074747;112.9333;50.58568;0.1147014;154.039;359.371
..\training_data\3\IMG\robocam_2017_05_29_23_41_34_609.jpg;-4.478664;0.4038168;0;2.096802;112.8195;50.64397;0.2219775;153.6527;359.4428
..\training_data\3\IMG\robocam_2017_05_29_23_41_34_675.jpg;-7.459393;0.2051015;0;2.110857;112.7068;50.70485;0.3142677;152.9486;359.4711
..\training_data\3\IMG\robocam_2017_05_29_23_41_34_743.jpg;-10.45257;0.005556293;0;2.109762;112.5606;50.79042;0.3714201;151.481;359.4196
..\training_data\3\IMG\robocam_2017_05_29_23_41_34_809.jpg;-13.46374;0;0;2.101022;112.4552;50.8581;0.3495092;150.0091;359.306
..\training_data\3\IMG\robocam_2017_05_29_23_41_34_876.jpg;-15;0;0;2.085864;112.3539;50.92878;0.2706067;148.28;359.1339
..\training_data\3\IMG\robocam_2017_05_29_23_41_34_942.jpg;-15;0;0;2.076703;112.2245;51.02533;0.03393284;145.9045;358.9127
..\training_data\3\IMG\robocam_2017_05_29_23_41_35_009.jpg;-15;0;0;2.068101;112.1299;51.09968;359.8563;144.218;358.8143
..\training_data\3\IMG\robocam_2017_05_29_23_41_35_075.jpg;-15;0;0;2.056069;112.0343;51.17695;359.8697;142.6559;358.8781
..\training_data\3\IMG\robocam_2017_05_29_23_41_35_142.jpg;-15;0;0;2.040622;111.912;51.28679;359.9866;140.4218;358.9312
..\training_data\3\IMG\robocam_2017_05_29_23_41_35_208.jpg;-15;0;0;2.03026;111.8255;51.37207;0.0100642;138.6404;358.9142
..\training_data\3\IMG\robocam_2017_05_29_23_41_35_275.jpg;-12.00561;0.1002755;0;2.021214;111.7412;51.45837;0.002202869;137.025;358.9233
..\training_data\3\IMG\robocam_2017_05_29_23_41_35_342.jpg;-9.014238;0.2997002;0;2.022868;111.6303;51.57571;0.005309858;135.3403;358.9659
..\training_data\3\IMG\robocam_2017_05_29_23_41_35_409.jpg;-6.012611;0.4998087;0;2.032713;111.5471;51.66539;0.02549288;134.4303;359.006
..\training_data\3\IMG\robocam_2017_05_29_23_41_35_475.jpg;-9.007234;0.3001672;0;2.053693;111.4648;51.75739;0.0565493;133.507;359.0213
..\training_data\3\IMG\robocam_2017_05_29_23_41_35_542.jpg;-11.99985;0.1006591;0;2.056813;111.3601;51.88353;0.05365149;131.808;358.9701
..\training_data\3\IMG\robocam_2017_05_29_23_41_35_608.jpg;-15;0;0;2.051421;111.2868;51.97996;359.9807;130.1897;358.8892
..\training_data\3\IMG\robocam_2017_05_29_23_41_35_675.jpg;-15;0;0;2.038028;111.2157;52.07819;359.9511;128.4972;358.855
..\training_data\3\IMG\robocam_2017_05_29_23_41_35_742.jpg;-15;0;0;2.027112;111.1252;52.2126;-0.003002535;126.2316;358.8642
..\training_data\3\IMG\robocam_2017_05_29_23_41_35_808.jpg;-15;0;0;2.017057;111.0621;52.31497;0.00173847;124.489;358.8736
..\training_data\3\IMG\robocam_2017_05_29_23_41_35_875.jpg;-15;0;0;2.00495;111.0023;52.41853;-0.00509268;122.7515;358.9169
..\training_data\3\IMG\robocam_2017_05_29_23_41_35_942.jpg;-15;0.1015854;0;1.996167;110.9291;52.55937;359.987;120.428;358.9219
..\training_data\3\IMG\robocam_2017_05_29_23_41_36_008.jpg;-12.02916;0.2996412;0;1.99364;110.8766;52.66676;0.000746385;118.8665;358.9173
..\training_data\3\IMG\robocam_2017_05_29_23_41_36_074.jpg;-9.043914;0.4986579;0;2.008003;110.8249;52.77538;0.01335556;117.5784;358.9455
..\training_data\3\IMG\robocam_2017_05_29_23_41_36_141.jpg;-6.044095;0.6986457;0;2.030753;110.7561;52.92321;0.04950339;116.334;359.0115
..\training_data\3\IMG\robocam_2017_05_29_23_41_36_208.jpg;-3.030191;0.8995727;0;2.060419;110.7032;53.03706;0.1287038;115.7706;359.0882
..\training_data\3\IMG\robocam_2017_05_29_23_41_36_274.jpg;-0.03935996;1;0;2.113688;110.648;53.15375;0.2635423;115.5254;359.2018
..\training_data\3\IMG\robocam_2017_05_29_23_41_36_341.jpg;0;1;0;2.156203;110.5713;53.31384;0.5196723;115.4848;359.3929
..\training_data\3\IMG\robocam_2017_05_29_23_41_36_408.jpg;0;1;0;2.19825;110.5121;53.43689;0.7378159;115.5013;359.564
..\training_data\3\IMG\robocam_2017_05_29_23_41_36_474.jpg;0;1;0;2.25587;110.4516;53.56239;0.9640047;115.5195;359.7539
..\training_data\3\IMG\robocam_2017_05_29_23_41_36_541.jpg;0;1;0;2.298593;110.3693;53.73376;1.286548;115.5425;-0.002012558
..\training_data\3\IMG\robocam_2017_05_29_23_41_36_607.jpg;0;1;0;2.34162;110.3095;53.86404;1.402473;115.5176;0.01066878
..\training_data\3\IMG\robocam_2017_05_29_23_41_36_674.jpg;0;1;0;2.407617;110.2493;53.99351;1.31274;115.5447;-0.0009528747
..\training_data\3\IMG\robocam_2017_05_29_23_41_36_741.jpg;0;1;0;2.451485;110.1658;54.1707;1.261169;115.5377;-0.0005730209
..\training_data\3\IMG\robocam_2017_05_29_23_41_36_807.jpg;0;1;0;2.493502;110.1015;54.30692;1.268219;115.5222;-0.0006973303
..\training_data\3\IMG\robocam_2017_05_29_23_41_36_873.jpg;0;1;0;2.549533;110.0358;54.4459;1.306504;115.5062;-0.0007863966
..\training_data\3\IMG\robocam_2017_05_29_23_41_36_941.jpg;0;1;0;2.591032;109.9466;54.63485;1.362358;115.4849;-0.001384812
..\training_data\3\IMG\robocam_2017_05_29_23_41_37_007.jpg;0;1;0;2.634027;109.8789;54.77858;1.35744;115.469;-0.001371065
..\training_data\3\IMG\robocam_2017_05_29_23_41_37_074.jpg;0;1;0;2.678211;109.81;54.92459;1.344459;115.4533;-0.000919367
..\training_data\3\IMG\robocam_2017_05_29_23_41_37_140.jpg;0;1;0;2.73485;109.7401;55.07314;1.346369;115.4375;-0.001252538
..\training_data\3\IMG\robocam_2017_05_29_23_41_37_207.jpg;0;1;0;2.776251;109.6452;55.27481;1.352079;115.4188;-0.001392466
..\training_data\3\IMG\robocam_2017_05_29_23_41_37_274.jpg;0;1;0;2.818296;109.5729;55.42874;1.355098;115.4064;-0.001398792
..\training_data\3\IMG\robocam_2017_05_29_23_41_37_340.jpg;1.520644;1;0;2.874146;109.4994;55.58486;1.3567;115.4228;-0.001493322
..\training_data\3\IMG\robocam_2017_05_29_23_41_37_407.jpg;4.474104;0.8031027;0;2.912571;109.3974;55.79464;1.341636;115.9103;-0.001583704
..\training_data\3\IMG\robocam_2017_05_29_23_41_37_473.jpg;1.479289;0.6034484;0;2.943365;109.319;55.95308;1.321723;116.2951;0.001339607
..\training_data\3\IMG\robocam_2017_05_29_23_41_37_540.jpg;0;0.4032078;0;2.968748;109.2407;56.11254;1.292031;116.4055;-0.001116193
..\training_data\3\IMG\robocam_2017_05_29_23_41_37_607.jpg;0;0.2030391;0;2.976882;109.1362;56.32516;1.21287;116.4142;-0.0006528028
..\training_data\3\IMG\robocam_2017_05_29_23_41_37_673.jpg;0;0.003808104;0;2.976886;109.0583;56.48377;1.109761;116.3998;-0.0004701706
..\training_data\3\IMG\robocam_2017_05_29_23_41_37_739.jpg;0;0;0;2.965196;108.9809;56.64127;0.9679118;116.3831;-0.0002125266
..\training_data\3\IMG\robocam_2017_05_29_23_41_37_806.jpg;0;0.2000071;0;2.958393;108.8782;56.85031;0.7476753;116.3615;6.506575E-05
..\training_data\3\IMG\robocam_2017_05_29_23_41_37_873.jpg;0;0.4004119;0;2.95955;108.801;57.00738;0.5894572;116.3474;0.002152984
..\training_data\3\IMG\robocam_2017_05_29_23_41_37_939.jpg;0;0.6003882;0;2.975349;108.7232;57.16558;0.4599184;116.3354;0.005901034
..\training_data\3\IMG\robocam_2017_05_29_23_41_38_006.jpg;0;0.4017692;0;2.991947;108.6184;57.37851;0.3360165;116.3223;0.01096507
..\training_data\3\IMG\robocam_2017_05_29_23_41_38_073.jpg;0;0.2018121;0;3.001331;108.5394;57.53887;0.2593185;116.315;0.01524735
..\training_data\3\IMG\robocam_2017_05_29_23_41_38_139.jpg;0;0.002029553;0;2.999213;108.4604;57.69899;0.1785471;116.3099;0.02117269
..\training_data\3\IMG\robocam_2017_05_29_23_41_38_206.jpg;0;0;0;2.990136;108.3556;57.91143;0.05341178;116.3067;0.03329159
..\training_data\3\IMG\robocam_2017_05_29_23_41_38_273.jpg;0;0;0;2.980236;108.2773;58.0701;359.9559;116.3033;0.03769092
..\training_data\3\IMG\robocam_2017_05_29_23_41_38_338.jpg;0;0.1989269;0;2.969321;108.1992;58.2286;359.8707;116.2967;0.02915896
..\training_data\3\IMG\robocam_2017_05_29_23_41_38_406.jpg;0;0.3989571;0;2.97106;108.0946;58.44091;359.8057;116.2888;0.006641433
..\training_data\3\IMG\robocam_2017_05_29_23_41_38_472.jpg;0;0.1989769;0;2.978921;108.0156;58.60093;359.7886;116.2864;359.9904
..\training_data\3\IMG\robocam_2017_05_29_23_41_38_538.jpg;0;0;0;2.976418;107.9365;58.76084;359.7807;116.289;359.985
..\training_data\3\IMG\robocam_2017_05_29_23_41_38_605.jpg;0;0;0;2.9671;107.8315;58.97313;359.7563;116.2903;359.9789
..\training_data\3\IMG\robocam_2017_05_29_23_41_38_672.jpg;0;0;0;2.957094;107.753;59.13164;359.7374;116.2951;359.9877
..\training_data\3\IMG\robocam_2017_05_29_23_41_38_739.jpg;0;0;0;2.943714;107.6749;59.28953;359.7114;116.2985;-0.002639368
..\training_data\3\IMG\robocam_2017_05_29_23_41_38_805.jpg;0;0;0;2.933565;107.5712;59.49918;359.6734;116.3016;0.01459669
..\training_data\3\IMG\robocam_2017_05_29_23_41_38_872.jpg;0;0.2012066;0;2.924401;107.4938;59.65634;359.6597;116.2963;0.009003836
..\training_data\3\IMG\robocam_2017_05_29_23_41_38_938.jpg;0;0.3992791;0;2.926426;107.416;59.81385;359.6637;116.2953;0.008304605
..\training_data\3\IMG\robocam_2017_05_29_23_41_39_005.jpg;0;0.1991129;0;2.932936;107.3117;60.02477;359.7001;116.295;0.007676764
..\training_data\3\IMG\robocam_2017_05_29_23_41_39_072.jpg;0;0;0;2.932326;107.2337;60.18278;359.7273;116.295;0.007098958
..\training_data\3\IMG\robocam_2017_05_29_23_41_39_138.jpg;-1.511311;0;0;2.919973;107.1562;60.3403;359.7465;116.2623;359.9934
..\training_data\3\IMG\robocam_2017_05_29_23_41_39_205.jpg;-4.523329;0;0;2.909502;107.0565;60.55074;359.7606;115.7468;359.9067
..\training_data\3\IMG\robocam_2017_05_29_23_41_39_271.jpg;-4.537993;0;0;2.897955;106.9847;60.70907;359.7713;115.0776;359.8004
..\training_data\3\IMG\robocam_2017_05_29_23_41_39_338.jpg;-1.547296;0;0;2.884566;106.9136;60.86702;359.7833;114.5815;359.7116
..\training_data\3\IMG\robocam_2017_05_29_23_41_39_405.jpg;0;0.1994785;0;2.877285;106.8179;61.07674;359.803;114.4092;359.6514
..\training_data\3\IMG\robocam_2017_05_29_23_41_39_471.jpg;0;0.3995895;0;2.877874;106.7459;61.23456;359.8365;114.3905;359.6226
..\training_data\3\IMG\robocam_2017_05_29_23_41_39_538.jpg;0;0.5995774;0;2.893348;106.6736;61.39364;359.9026;114.3877;359.605
..\training_data\3\IMG\robocam_2017_05_29_23_41_39_604.jpg;0;0.8001952;0;2.915529;106.5758;61.60881;0.05701314;114.3876;359.5947
..\training_data\3\IMG\robocam_2017_05_29_23_41_39_671.jpg;0;1;0;2.945911;106.501;61.77279;0.2119422;114.3964;359.6191
..\training_data\3\IMG\robocam_2017_05_29_23_41_39_738.jpg;0;1;0;2.998635;106.4249;61.93953;0.4046871;114.4069;359.6637
..\training_data\3\IMG\robocam_2017_05_29_23_41_39_804.jpg;0;1;0;3.03854;106.3214;62.16586;0.7042966;114.426;359.7514
..\training_data\3\IMG\robocam_2017_05_29_23_41_39_871.jpg;0;1;0;3.078481;106.2423;62.33841;0.9485836;114.446;359.8355
..\training_data\3\IMG\robocam_2017_05_29_23_41_39_937.jpg;0;0.9005737;0;3.131801;106.162;62.51315;1.199366;114.4725;359.9322
..\training_data\3\IMG\robocam_2017_05_29_23_41_40_004.jpg;0;0.700727;0;3.164225;106.0553;62.74805;1.45329;114.4755;-0.002220766
..\training_data\3\IMG\robocam_2017_05_29_23_41_40_070.jpg;0;0.5006827;0;3.188528;105.9771;62.92209;1.37953;114.4526;-0.0008432925
..\training_data\3\IMG\robocam_2017_05_29_23_41_40_136.jpg;0;0.301394;0;3.214978;105.8988;63.09656;1.280346;114.4286;-0.0006645886
..\training_data\3\IMG\robocam_2017_05_29_23_41_40_204.jpg;0;0.1006634;0;3.217461;105.7946;63.32867;1.108128;114.4;-0.0005083838
..\training_data\3\IMG\robocam_2017_05_29_23_41_40_271.jpg;0;0;0;3.211539;105.7169;63.5017;0.9419838;114.3807;-0.000224853
..\training_data\3\IMG\robocam_2017_05_29_23_41_40_337.jpg;0;0.1989615;0;3.200771;105.6396;63.67402;0.7561697;114.363;0.0001386169
..\training_data\3\IMG\robocam_2017_05_29_23_41_40_404.jpg;0;0.3992406;0;3.202628;105.5363;63.90417;0.5214983;114.3432;0.004507191
..\training_data\3\IMG\robocam_2017_05_29_23_41_40_470.jpg;0;0.3999603;0;3.212497;105.4582;64.07787;0.3759122;114.3315;0.01045306
..\training_data\3\IMG\robocam_2017_05_29_23_41_40_536.jpg;0;0.200492;0;3.222487;105.3798;64.25216;0.2497155;114.3228;0.01845595
..\training_data\3\IMG\robocam_2017_05_29_23_41_40_603.jpg;0;0.0004656836;0;3.219557;105.2752;64.48422;0.08452881;114.3163;0.03391151
..\training_data\3\IMG\robocam_2017_05_29_23_41_40_670.jpg;0;0;0;3.209661;105.1971;64.65766;359.9615;114.3119;0.04247071
..\training_data\3\IMG\robocam_2017_05_29_23_41_40_736.jpg;0;0;0;3.195163;105.1192;64.83077;359.8534;114.3033;0.03393853
..\training_data\3\IMG\robocam_2017_05_29_23_41_40_803.jpg;0;0;0;3.184073;105.0157;65.06096;359.727;114.2907;0.003351087
..\training_data\3\IMG\robocam_2017_05_29_23_41_40_870.jpg;0;0;0;3.17306;104.938;65.23293;359.6447;114.2905;359.9909
..\training_data\3\IMG\robocam_2017_05_29_23_41_40_936.jpg;0;0;0;3.158324;104.8605;65.40443;359.5715;114.2937;359.9882
..\training_data\3\IMG\robocam_2017_05_29_23_41_41_003.jpg;0;0;0;3.147139;104.7571;65.63251;359.5001;114.3034;0.008736885
..\training_data\3\IMG\robocam_2017_05_29_23_41_41_069.jpg;0;0;0;3.13642;104.6803;65.80322;359.4561;114.299;0.004463696
..\training_data\3\IMG\robocam_2017_05_29_23_41_41_136.jpg;0;0;0;3.121552;104.6036;65.9735;359.4252;114.2939;359.9921
..\training_data\3\IMG\robocam_2017_05_29_23_41_41_203.jpg;0;0;0;3.110919;104.5013;66.19959;359.3941;114.2984;-0.004809949
..\training_data\3\IMG\robocam_2017_05_29_23_41_41_269.jpg;0;0;0;3.099624;104.4247;66.36872;359.3869;114.3039;0.009750067
..\training_data\3\IMG\robocam_2017_05_29_23_41_41_335.jpg;0;0;0;3.08552;104.3486;66.53729;359.3776;114.3052;0.01968808
..\training_data\3\IMG\robocam_2017_05_29_23_41_41_403.jpg;0;0;0;3.074615;104.2477;66.76166;359.3887;114.2957;0.003244764
..\training_data\3\IMG\robocam_2017_05_29_23_41_41_469.jpg;0;0;0;3.063813;104.1721;66.92917;359.3977;114.2937;359.9933
..\training_data\3\IMG\robocam_2017_05_29_23_41_41_536.jpg;0;0;0;3.049928;104.0968;67.09603;359.4025;114.2932;359.9851
..\training_data\3\IMG\robocam_2017_05_29_23_41_41_603.jpg;0;0;0;3.039562;103.9964;67.31768;359.4204;114.3009;-0.004460235
..\training_data\3\IMG\robocam_2017_05_29_23_41_41_669.jpg;0;0;0;3.028574;103.9215;67.48336;359.4378;114.304;0.006635461
..\training_data\3\IMG\robocam_2017_05_29_23_41_41_735.jpg;0;0;0;3.014875;103.847;67.64841;359.4491;114.3046;0.0152416
..\training_data\3\IMG\robocam_2017_05_29_23_41_41_803.jpg;0;0;0;3.004652;103.7482;67.86768;359.4641;114.3;0.01393124
..\training_data\3\IMG\robocam_2017_05_29_23_41_41_867.jpg;0;0;0;2.993914;103.6743;68.03156;359.4828;114.2956;0.00246936
..\training_data\3\IMG\robocam_2017_05_29_23_41_41_935.jpg;0;0;0;2.980373;103.6007;68.19472;359.4941;114.2946;-0.005496356
..\training_data\3\IMG\robocam_2017_05_29_23_41_42_002.jpg;0;0;0;2.970284;103.5029;68.41124;359.4986;114.2944;359.9856
..\training_data\3\IMG\robocam_2017_05_29_23_41_42_069.jpg;0;0;0;2.959985;103.4296;68.57307;359.5154;114.3019;0.0009718892
..\training_data\3\IMG\robocam_2017_05_29_23_41_42_135.jpg;0;0;0;2.94637;103.3567;68.73431;359.5233;114.3034;0.008836603
..\training_data\3\IMG\robocam_2017_05_29_23_41_42_202.jpg;0;0;0;2.936403;103.2601;68.9483;359.5229;114.3037;0.01724688
..\training_data\3\IMG\robocam_2017_05_29_23_41_42_269.jpg;0;0;0;2.926248;103.1881;69.10844;359.5352;114.2964;0.002061711
..\training_data\3\IMG\robocam_2017_05_29_23_41_42_335.jpg;3.011114;0;0;2.912651;103.1151;69.26725;359.5381;114.4625;0.02354233
..\training_data\3\IMG\robocam_2017_05_29_23_41_42_402.jpg;0.02755646;0;0;2.902554;103.0177;69.47805;359.5458;114.693;0.04353616
..\training_data\3\IMG\robocam_2017_05_29_23_41_42_468.jpg;0;0;0;2.892263;102.9453;69.63562;359.551;114.7269;0.04349981
..\training_data\3\IMG\robocam_2017_05_29_23_41_42_534.jpg;0;0;0;2.879229;102.873;69.79251;359.549;114.7345;0.04408095
..\training_data\3\IMG\robocam_2017_05_29_23_41_42_601.jpg;0;0;0;2.869296;102.7773;70.00108;359.5549;114.7298;0.02528992
..\training_data\3\IMG\robocam_2017_05_29_23_41_42_668.jpg;0;0;0;2.859357;102.7056;70.15673;359.5545;114.7288;0.01324413
..\training_data\3\IMG\robocam_2017_05_29_23_41_42_735.jpg;0;0;0;2.846471;102.6342;70.31174;359.5476;114.7286;0.002473105
..\training_data\3\IMG\robocam_2017_05_29_23_41_42_801.jpg;0;0;0;2.836633;102.5391;70.51765;359.5483;114.7351;0.008211297
..\training_data\3\IMG\robocam_2017_05_29_23_41_42_868.jpg;0;0;0;2.826784;102.4682;70.67148;359.5458;114.7364;0.01150188
..\training_data\3\IMG\robocam_2017_05_29_23_41_42_934.jpg;0;0;0;2.814032;102.3977;70.82485;359.5439;114.7333;0.006059003
..\training_data\3\IMG\robocam_2017_05_29_23_41_43_001.jpg;0;0;0;2.804076;102.3039;71.02857;359.5467;114.7295;359.9908
..\training_data\3\IMG\robocam_2017_05_29_23_41_43_067.jpg;0;0;0;2.79458;102.2339;71.18062;359.5418;114.7291;359.9823
..\training_data\3\IMG\robocam_2017_05_29_23_41_43_133.jpg;0;0;0;2.781771;102.1638;71.33217;359.545;114.7349;359.9898
..\training_data\3\IMG\robocam_2017_05_29_23_41_43_201.jpg;0;0;0;2.772111;102.0711;71.53346;359.5456;114.7372;-0.002362579
..\training_data\3\IMG\robocam_2017_05_29_23_41_43_267.jpg;0;0;0;2.762726;102.0018;71.68375;359.5394;114.7374;0.00223275
..\training_data\3\IMG\robocam_2017_05_29_23_41_43_333.jpg;0;0;0;2.749845;101.9329;71.83379;359.5459;114.7313;359.9887
..\training_data\3\IMG\robocam_2017_05_29_23_41_43_401.jpg;0;0;0;2.740514;101.8413;72.0328;359.5446;114.73;359.9792
..\training_data\3\IMG\robocam_2017_05_29_23_41_43_467.jpg;0;0;0;2.731233;101.7726;72.18145;359.5497;114.7352;359.9871
..\training_data\3\IMG\robocam_2017_05_29_23_41_43_534.jpg;0;0;0;2.721565;101.7042;72.32963;359.5533;114.7371;359.9942
..\training_data\3\IMG\robocam_2017_05_29_23_41_43_600.jpg;0;0;0;2.709284;101.6362;72.47723;359.551;114.7375;3.329819E-05
..\training_data\3\IMG\robocam_2017_05_29_23_41_43_667.jpg;0;0;0;2.700111;101.546;72.67337;359.5527;114.735;0.00025015
..\training_data\3\IMG\robocam_2017_05_29_23_41_43_734.jpg;0;0;0;2.690532;101.4785;72.81989;359.5554;114.7339;-0.00151478
..\training_data\3\IMG\robocam_2017_05_29_23_41_43_800.jpg;0;0;0;2.678389;101.4113;72.96581;359.5524;114.7337;-0.002656805
..\training_data\3\IMG\robocam_2017_05_29_23_41_43_868.jpg;0;0;0;2.66914;101.3218;73.15962;359.5572;114.7394;0.01259891
..\training_data\3\IMG\robocam_2017_05_29_23_41_43_933.jpg;0;0;0;2.659882;101.2551;73.30441;359.5577;114.7405;0.02205793
..\training_data\3\IMG\robocam_2017_05_29_23_41_43_999.jpg;0;0;0;2.647877;101.1887;73.4488;359.5599;114.7369;0.02133318
..\training_data\3\IMG\robocam_2017_05_29_23_41_44_066.jpg;0;0;0;2.638515;101.1005;73.64056;359.5662;114.7336;0.01368945
..\training_data\3\IMG\robocam_2017_05_29_23_41_44_133.jpg;0;0;0;2.629581;101.0346;73.78366;359.5641;114.7333;0.009603871
..\training_data\3\IMG\robocam_2017_05_29_23_41_44_199.jpg;0;0;0;2.617717;100.969;73.92635;359.5634;114.7298;-0.002060089
..\training_data\3\IMG\robocam_2017_05_29_23_41_44_266.jpg;0;0;0;2.608481;100.8818;74.11587;359.5662;114.7267;359.9781
..\training_data\3\IMG\robocam_2017_05_29_23_41_44_333.jpg;0;0;0;2.599645;100.8165;74.25735;359.5687;114.7299;359.9746
..\training_data\3\IMG\robocam_2017_05_29_23_41_44_399.jpg;0;0;0;2.58753;100.7514;74.39842;359.5746;114.7328;359.9771
..\training_data\3\IMG\robocam_2017_05_29_23_41_44_466.jpg;0;0;0;2.578769;100.6651;74.58566;359.5736;114.7334;359.9787
..\training_data\3\IMG\robocam_2017_05_29_23_41_44_533.jpg;0;0;0;2.57004;100.6005;74.72554;359.5772;114.7379;359.9914
..\training_data\3\IMG\robocam_2017_05_29_23_41_44_599.jpg;0;0;0;2.55809;100.5362;74.86497;359.5795;114.7394;0.003267453
..\training_data\3\IMG\robocam_2017_05_29_23_41_44_666.jpg;0;0;0;2.549429;100.451;75.05002;359.5743;114.7397;0.01637776
